type,name,id,timestamp,notes
INFO,Created on 2025-08-03 20:20:31,,,
MODEL,COPD,01K1QY0QNC5R7MNQT7QWDZZ9E9,2025-08-03 20:20:32,
SCENARIO,Appendix 3 - Tobacco T1 Scenario,01K1QY0RCXQBMCKPXQTMWQ6630,2025-08-03 20:20:32,
SCENARIO,Appendix 3 - Tobacco Null Scenario,01K1QY0RW44MZJX237724CZS79,2025-08-03 20:20:33,
SCENARIO,Appendix 3 - Tobacco T2 Scenario,01K1QY0SKJE82RN86G9D62Z58W,2025-08-03 20:20:34,
SCENARIO,Appendix 3 - COPD Null Scenario,01K1QY0T36W1H7TV492NB9NG11,2025-08-03 20:20:34,
SCENARIO,Appendix 3 - CR2 Scenario,01K1QY0TJSA6HWG9G4F2QTRWEW,2025-08-03 20:20:35,
SCENARIO,Tobacco Debug,01K1QY0V1RTJ2AWSZEQNH8JQ3F,2025-08-03 20:20:35,
SCENARIO,Appendix 3 - CR4 Scenario,01K1QY0VKEAKB935VTGE36S8P9,2025-08-03 20:20:36,
SCENARIO,Appendix 3 - Tobacco T6 Scenario,01K1QY0W9CRXJPPPZBCRFFZ6Q6,2025-08-03 20:20:37,
SCENARIO,COPD - Default Scenario,01K1QY0WSNYYS9PAQH35EG347Z,2025-08-03 20:20:37,
SCENARIO,Appendix 3 - Tobacco T7 Scenario,01K1QY0XFFQATW6Q0DYVWRNMWY,2025-08-03 20:20:38,
SCENARIO,Appendix 3 - Tobacco T5 Scenario,01K1QY0Y6NPVNYPYNHT6NT8XB0,2025-08-03 20:20:38,
